page,concept,source_status,editorial_approved,count_verified,visual_approved,notes
1,"Happy pumpkin",RECOVERED_LOCAL,no,no,no,"Needs full QA"
2,"Requires generation",MISSING,no,no,no,"Needs full QA"
3,"Witch cat",RECOVERED_LOCAL,no,no,no,"Needs full QA"
4,"Requires generation",MISSING,no,no,no,"Needs full QA"
5,"Requires generation",MISSING,no,no,no,"Needs full QA"
6,"Puppy Halloween costume",RECOVERED_LOCAL,no,no,no,"Needs full QA"
7,"Costumed children",RECOVERED_LOCAL,no,no,no,"Needs full QA"
8,"Candy pumpkin",RECOVERED_LOCAL,no,no,no,"Needs full QA"
9,"Requires generation",MISSING,no,no,no,"Needs full QA"
10,"Count bats",RECOVERED_LOCAL,no,no,no,"Needs full QA"
11,"Count candies",RECOVERED_LOCAL,no,no,no,"Needs full QA"
12,"Count pumpkins",RECOVERED_LOCAL,no,no,no,"Needs full QA"
13,"Count stars",RECOVERED_LOCAL,no,no,no,"Needs full QA"
14,"Count leaves",RECOVERED_LOCAL,no,no,no,"Needs full QA"
15,"Count ghosts",RECOVERED_LOCAL,no,no,no,"Needs full QA"
16,"Requires generation",MISSING,no,no,no,"Needs full QA"
17,"Count bats",RECOVERED_LOCAL,no,no,no,"Needs full QA"
18,"Count pumpkins",RECOVERED_LOCAL,no,no,no,"Needs full QA"
19,"Requires generation",MISSING,no,no,no,"Needs full QA"
20,"Requires generation",MISSING,no,no,no,"Needs full QA"
21,"Requires generation",MISSING,no,no,no,"Needs full QA"
22,"Requires generation",MISSING,no,no,no,"Needs full QA"
23,"Count owls",RECOVERED_LOCAL,no,no,no,"Needs full QA"
24,"Count skeletons",RECOVERED_LOCAL,no,no,no,"Needs full QA"
25,"Count ghosts",RECOVERED_LOCAL,no,no,no,"Needs full QA"
26,"Count black cats",RECOVERED_LOCAL,no,no,no,"Needs full QA"
27,"Requires generation",MISSING,no,no,no,"Needs full QA"
28,"Count owls",RECOVERED_LOCAL,no,no,no,"Needs full QA"
29,"Requires generation",MISSING,no,no,no,"Needs full QA"
30,"Count black cats",RECOVERED_LOCAL,no,no,no,"Needs full QA"
31,"Count black cats",RECOVERED_LOCAL,no,no,no,"Needs full QA"
32,"Count black cats",RECOVERED_LOCAL,no,no,no,"Needs full QA"
33,"Count black cats",RECOVERED_LOCAL,no,no,no,"Needs full QA"
34,"Count black cats",RECOVERED_LOCAL,no,no,no,"Needs full QA"
35,"Count black cats",RECOVERED_LOCAL,no,no,no,"Needs full QA"
36,"Requires generation",MISSING,no,no,no,"Needs full QA"
37,"Count black cats",RECOVERED_LOCAL,no,no,no,"Needs full QA"
38,"Count black cats",RECOVERED_LOCAL,no,no,no,"Needs full QA"
39,"Count black cats",RECOVERED_LOCAL,no,no,no,"Needs full QA"
40,"Count black cats",RECOVERED_LOCAL,no,no,no,"Needs full QA"
